{
  "signals": {},
  "price_history": {
    "0G_TL": [
      24.99,
      25.04
    ],
    "1INCH_TL": [
      4.45,
      4.45
    ],
    "2Z_TL": [
      4.32,
      4.3
    ],
    "AAVE_TL": [
      4229.0,
      4233.55
    ],
    "ACM_TL": [
      19.76,
      19.77
    ],
    "ADA_TL": [
      12.027,
      12.022
    ],
    "AERO_TL": [
      20.74,
      20.66
    ],
    "AEVO_TL": [
      1.33,
      1.33
    ],
    "AFC_TL": [
      21.66,
      21.8
    ],
    "AIXBT_TL": [
      1.57,
      1.5682
    ],
    "AKT_TL": [
      27.81,
      27.68
    ],
    "ALGO_TL": [
      5.383,
      5.376
    ],
    "ALICE_TL": [
      6.18,
      6.17
    ],
    "ALT_TL": [
      0.3618,
      0.3614
    ],
    "ANIME_TL": [
      0.222,
      0.221
    ],
    "ANKR_TL": [
      0.2282,
      0.2281
    ],
    "APE_TL": [
      7.23,
      7.16
    ],
    "API3_TL": [
      16.94,
      16.91
    ],
    "APT_TL": [
      45.99,
      46.05
    ],
    "ARB_TL": [
      5.74,
      5.74
    ],
    "ARG_TL": [
      33.78,
      33.81
    ],
    "ARKM_TL": [
      6.05,
      6.05
    ],
    "ASM_TL": [
      3.79,
      3.78
    ],
    "ASR_TL": [
      57.77,
      58.04
    ],
    "ASTER_TL": [
      30.49,
      30.58
    ],
    "ASTON_TL": [
      5.39,
      5.39
    ],
    "ATH_TL": [
      0.2972,
      0.2984
    ],
    "ATLAS_TL": [
      0.0084,
      0.0085
    ],
    "ATM_TL": [
      48.02,
      48.04
    ],
    "ATOM_TL": [
      86.1,
      85.93
    ],
    "AUDIO_TL": [
      0.925,
      0.921
    ],
    "AVAX_TL": [
      432.49,
      432.79
    ],
    "AVL_TL": [
      6.23,
      6.25
    ],
    "AVNT_TL": [
      6.76,
      6.75
    ],
    "AXL_TL": [
      3.3,
      3.32
    ],
    "AXS_TL": [
      62.16,
      62.18
    ],
    "A_TL": [
      4.06,
      4.13
    ],
    "BAL_TL": [
      7.03,
      7.0
    ],
    "BAND_TL": [
      10.37,
      10.39
    ],
    "BAR_TL": [
      19.38,
      19.23
    ],
    "BAT_TL": [
      4.852,
      4.883
    ],
    "BCH_TL": [
      21007.64,
      21030.23
    ],
    "BEAM_TL": [
      0.0905,
      0.0896
    ],
    "BENFICA_TL": [
      6.31,
      6.31
    ],
    "BERA_TL": [
      17.4,
      17.35
    ],
    "BIO_TL": [
      2.17,
      2.16
    ],
    "BJK_TL": [
      7.28,
      7.28
    ],
    "BLUR_TL": [
      1.215,
      1.215
    ],
    "BONK_TL": [
      0.0003039,
      0.000305
    ],
    "BTC_TL": [
      3676789.0,
      3677002.0
    ],
    "BTTC_TL": [
      1.475e-05,
      1.478e-05
    ],
    "CEEK_TL": [
      0.137,
      0.136
    ],
    "CHZ_TL": [
      1.929,
      1.9436
    ],
    "CITY_TL": [
      25.4,
      25.85
    ],
    "CLV_TL": [
      0.165,
      0.166
    ],
    "COMP_TL": [
      1060.65,
      1059.74
    ],
    "COW_TL": [
      8.12,
      8.09
    ],
    "CRV_TL": [
      11.28,
      11.24
    ],
    "CTSI_TL": [
      1.514,
      1.511
    ],
    "DOGE_TL": [
      5.0704,
      5.0726
    ],
    "DOT_TL": [
      59.16,
      59.32
    ],
    "DRIFT_TL": [
      1.63,
      1.63
    ],
    "DYDX_TL": [
      6.78,
      6.79
    ],
    "DYM_TL": [
      0.9,
      0.9
    ],
    "EFC_TL": [
      3.57,
      3.57
    ],
    "EIGEN_TL": [
      8.99,
      9.02
    ],
    "ENA_TL": [
      5.44,
      5.44
    ],
    "ENJ_TL": [
      2.33,
      2.304
    ],
    "ENS_TL": [
      298.34,
      297.49
    ],
    "ETHFI_TL": [
      19.68,
      19.66
    ],
    "ETH_TL": [
      106190.0,
      106145.0
    ],
    "FB_TL": [
      14.02,
      14.04
    ],
    "FET_TL": [
      10.135,
      10.137
    ],
    "FF_TL": [
      2.87,
      2.86
    ],
    "FIL_TL": [
      48.5,
      49.1
    ],
    "FLOKI_TL": [
      0.00151229,
      0.00151493
    ],
    "FLR_TL": [
      0.3509,
      0.352
    ],
    "GALA_TL": [
      0.1669,
      0.1664
    ],
    "GAL_TL": [
      64.2,
      64.09
    ],
    "GLM_TL": [
      6.263,
      6.279
    ],
    "GOAT_TL": [
      0.85,
      0.84
    ],
    "GOZ_TL": [
      5.53,
      5.53
    ],
    "GRASS_TL": [
      16.94,
      16.71
    ],
    "GRT_TL": [
      1.194,
      1.19
    ],
    "HNT_TL": [
      42.8,
      42.75
    ],
    "HOT_TL": [
      0.01956,
      0.01969
    ],
    "HYPE_TL": [
      1944.82,
      1943.98
    ],
    "ICP_TL": [
      136.43,
      139.5
    ],
    "ILV_TL": [
      215.59,
      214.62
    ],
    "IMX_TL": [
      7.94,
      7.87
    ],
    "INJ_TL": [
      175.48,
      175.48
    ],
    "INTER_TL": [
      14.53,
      14.53
    ],
    "IO_TL": [
      6.83,
      6.96
    ],
    "ITA_TL": [
      4.73,
      4.75
    ],
    "JASMY_TL": [
      0.2638,
      0.264
    ],
    "JOE_TL": [
      2.18,
      2.18
    ],
    "JTO_TL": [
      19.11,
      18.92
    ],
    "JUP_TL": [
      8.97,
      8.94
    ],
    "JUV_TL": [
      22.37,
      22.4
    ],
    "KAITO_TL": [
      22.55,
      22.51
    ],
    "KITE_TL": [
      6.945,
      6.96
    ],
    "LAYER_TL": [
      3.97,
      3.93
    ],
    "LDO_TL": [
      17.62,
      17.52
    ],
    "LINEA_TL": [
      0.1698,
      0.1706
    ],
    "LINK_TL": [
      450.98,
      450.92
    ],
    "LPT_TL": [
      101.03,
      101.11
    ],
    "LRC_TL": [
      0.784,
      0.782
    ],
    "LTC_TL": [
      2559.94,
      2556.01
    ],
    "MAGIC_TL": [
      3.05,
      3.05
    ],
    "MANA_TL": [
      4.151,
      4.159
    ],
    "MANTA_TL": [
      3.08,
      3.08
    ],
    "MASK_TL": [
      22.85,
      22.86
    ],
    "MEGA_TL": [
      5.622,
      5.625
    ],
    "MEME_TL": [
      0.0278,
      0.0275
    ],
    "MET_TL": [
      7.59,
      7.57
    ],
    "ME_TL": [
      4.95,
      4.94
    ],
    "MINA_TL": [
      2.91,
      2.92
    ],
    "MIOTA_TL": [
      2.654,
      2.656
    ],
    "MNT_TL": [
      30.08,
      30.18
    ],
    "MON_TL": [
      1.473,
      1.455
    ],
    "MORPHO_TL": [
      101.75,
      101.51
    ],
    "MOVE_TL": [
      0.82,
      0.82
    ],
    "NAP_TL": [
      12.66,
      12.73
    ],
    "NEAR_TL": [
      67.57,
      66.97
    ],
    "NEO_TL": [
      132.56,
      132.85
    ],
    "NMR_TL": [
      407.31,
      406.97
    ],
    "NST_TL": [
      65.54,
      65.4
    ],
    "ODOS_TL": [
      0.0494,
      0.0497
    ],
    "OGFAN_TL": [
      139.08,
      139.52
    ],
    "OGN_TL": [
      1.095,
      1.093
    ],
    "OMG_TL": [
      2.89,
      2.9
    ],
    "ONDO_TL": [
      14.61,
      14.67
    ],
    "ONT_TL": [
      2.878,
      2.867
    ],
    "OP_TL": [
      6.37,
      6.44
    ],
    "OXT_TL": [
      0.429,
      0.433
    ],
    "PDA_TL": [
      0.063,
      0.063
    ],
    "PENDLE_TL": [
      87.0,
      87.45
    ],
    "PENGU_TL": [
      0.4836,
      0.4841
    ],
    "PEPE_TL": [
      0.000187,
      0.00018759
    ],
    "PEPPER_TL": [
      4.615e-05,
      4.628e-05
    ],
    "PLUME_TL": [
      0.574,
      0.5741
    ],
    "PNUT_TL": [
      2.78,
      2.82
    ],
    "POL_TL": [
      4.46,
      4.46
    ],
    "POR_TL": [
      28.38,
      28.53
    ],
    "PSG_TL": [
      37.08,
      36.58
    ],
    "PUMP_TL": [
      0.0877,
      0.0872
    ],
    "PYTH_TL": [
      2.34,
      2.34
    ],
    "QNT_TL": [
      3207.59,
      3189.09
    ],
    "RACA_TL": [
      0.00082,
      0.00082
    ],
    "RAD_TL": [
      11.2,
      11.19
    ],
    "RAY_TL": [
      36.43,
      36.36
    ],
    "RDNT_TL": [
      0.0814,
      0.0812
    ],
    "RED_TL": [
      6.52,
      6.47
    ],
    "REEF_TL": [
      0.0034,
      0.0035
    ],
    "RENDER_TL": [
      88.05,
      88.09
    ],
    "RLC_TL": [
      21.34,
      21.35
    ],
    "RVN_TL": [
      0.2782,
      0.2742
    ],
    "SAHARA_TL": [
      1.1811,
      1.1794
    ],
    "SAM_TL": [
      8.08,
      8.11
    ],
    "SAND_TL": [
      3.5,
      3.5
    ],
    "SAUBER_TL": [
      6.66,
      6.65
    ],
    "SEI_TL": [
      2.772,
      2.776
    ],